Phase, Experiment Index, Participant Index, Trial Visual Frequency, Trial Haptic Index, Trial Haptic Frequency, Percentage Perceived Smoother
6,17,30,36.785,4,22.56756,0
6,17,31,36.785,4,22.56756,0
6,17,32,36.785,4,22.56756,0
6,17,34,36.785,4,22.56756,0
6,17,35,36.785,4,22.56756,50
6,17,35,36.785,4,22.56756,75
6,17,36,36.785,4,22.56756,0
6,17,37,36.785,4,22.56756,25
