Phase, Experiment Index, Participant Index, Trial Visual Frequency, Trial Haptic Index, Trial Haptic Frequency, Percentage Perceived Smoother
6,15,30,37.975,6,24.23319,0
6,15,31,37.975,6,24.23319,83.33334
6,15,32,37.975,6,24.23319,80
6,15,34,37.975,6,24.23319,0
6,15,35,37.975,6,24.23319,88.8889
6,15,36,37.975,6,24.23319,0
6,15,37,37.975,6,24.23319,88.8889
6,15,38,37.975,6,24.23319,100
