Phase, Experiment Index, Participant Index, Trial Visual Frequency, Trial Haptic Index, Trial Haptic Frequency, Percentage Perceived Smoother
2,17,12,35.7875,4,22.56756,0
2,17,13,35.7875,4,22.56756,0
2,17,14,35.7875,4,22.56756,0
2,17,15,36.785,4,22.56756,0
2,17,16,36.785,4,22.56756,0
2,17,17,36.785,4,22.56756,0
2,17,18,36.785,4,22.56756,0
2,17,19,36.785,4,22.56756,33.33333
