Phase, Experiment Index, Participant Index, Trial Visual Frequency, Trial Haptic Index, Trial Haptic Frequency, Percentage Perceived Smoother
5,14,30,38.57,7,25.43553,0
5,14,31,38.57,7,25.43553,58.33333
5,14,31,38.57,7,25.43553,83.33334
5,14,32,38.57,7,25.43553,100
5,14,34,38.57,7,25.43553,42.85714
5,14,35,38.57,7,25.43553,75
5,14,35,38.57,7,25.43553,50
5,14,36,38.57,7,25.43553,0
5,14,37,38.57,7,25.43553,0
5,14,38,38.57,7,25.43553,88.88889
