Phase, Experiment Index, Participant Index, Trial Visual Frequency, Trial Haptic Index, Trial Haptic Frequency, Percentage Perceived Smoother
2,9,14,37.8875,12,38.97186,100
2,10,14,37.625,11,34.7753,100
2,11,14,37.3625,10,31.50702,57.14286
2,10,14,37.625,11,34.7753,100
2,12,14,37.1,9,28.96167,0
2,13,14,36.8375,8,26.97936,0
2,14,14,36.575,7,25.43553,0
2,15,14,36.3125,6,24.23319,0
2,16,14,36.05,5,23.29682,0
2,17,14,35.7875,4,22.56756,0
2,18,14,35.525,3,21.99962,0
2,19,14,35.2625,2,21.5573,0
