Phase, Experiment Index, Participant Index, Trial Visual Frequency, Trial Haptic Index, Trial Haptic Frequency, Percentage Perceived Smoother
0,18,0,35.525,3,21.99962,0
0,18,1,35.525,3,21.99962,0
0,18,2,35.525,3,21.99962,0
0,18,3,35.525,3,21.99962,0
0,18,4,35.525,3,21.99962,73.33334
0,18,5,35.525,3,21.99962,0
0,18,6,35.525,3,21.99962,0
0,18,7,35.525,3,21.99962,0
0,18,8,35.525,3,21.99962,77.77778
0,18,9,35.525,3,21.99962,0
