Phase, Experiment Index, Participant Index, Trial Visual Frequency, Trial Haptic Index, Trial Haptic Frequency, Percentage Perceived Smoother
0,12,0,37.1,9,28.96167,100
0,12,1,37.1,9,28.96167,0
0,12,2,37.1,9,28.96167,0
0,12,3,37.1,9,28.96167,0
0,12,4,37.1,9,28.96167,100
0,12,6,37.1,9,28.96167,100
0,12,7,37.1,9,28.96167,83.33334
0,12,8,37.1,9,28.96167,100
0,12,9,37.1,9,28.96167,100
0,12,13,37.1,9,28.96167,0
