Phase, Experiment Index, Participant Index, Trial Visual Frequency, Trial Haptic Index, Trial Haptic Frequency, Percentage Perceived Smoother
1,6,0,39.9,15,60.16343,100
1,6,1,38.675,15,60.16343,100
1,6,2,38.675,15,60.16343,0
1,6,3,38.675,15,60.16343,100
1,6,4,38.675,15,60.16343,87.5
1,6,5,38.675,15,60.16343,100
1,6,6,38.675,15,60.16343,100
1,6,7,38.675,15,60.16343,100
1,6,8,38.675,15,60.16343,100
1,6,9,38.675,15,60.16343,100
1,6,11,38.675,15,60.16343,0
