Phase, Experiment Index, Participant Index, Trial Visual Frequency, Trial Haptic Index, Trial Haptic Frequency, Percentage Perceived Smoother
5,12,30,39.76,9,28.96167,81.25
5,12,31,39.76,9,28.96167,100
5,12,31,39.76,9,28.96167,75
5,12,32,39.76,9,28.96167,83.33334
5,12,34,39.76,9,28.96167,75
5,12,34,39.76,9,28.96167,64.28571
5,12,35,39.76,9,28.96167,88.88889
5,12,35,39.76,9,28.96167,57.14286
5,12,36,39.76,9,28.96167,100
5,12,36,39.76,9,28.96167,0
5,12,37,39.76,9,28.96167,0
