Phase, Experiment Index, Participant Index, Trial Visual Frequency, Trial Haptic Index, Trial Haptic Frequency, Percentage Perceived Smoother
6,14,30,38.57,7,25.43553,66.66666
6,14,30,38.57,7,25.43553,0
6,14,31,38.57,7,25.43553,88.88889
6,14,32,38.57,7,25.43553,85.71429
6,14,34,38.57,7,25.43553,0
6,14,35,38.57,7,25.43553,73.33334
6,14,36,38.57,7,25.43553,0
6,14,37,38.57,7,25.43553,100
