Phase, Experiment Index, Participant Index, Trial Visual Frequency, Trial Haptic Index, Trial Haptic Frequency, Percentage Perceived Smoother
4,13,12,36.8375,8,26.97936,100
4,13,13,36.8375,8,26.97936,100
4,13,15,39.165,8,26.97936,75
4,13,16,39.165,8,26.97936,88.88889
4,13,17,39.165,8,26.97936,100
4,13,18,39.165,8,26.97936,90
4,13,19,39.165,8,26.97936,66.66666
4,13,20,39.165,8,26.97936,100
4,13,21,39.165,8,26.97936,75
4,13,21,39.165,8,26.97936,66.66666
4,13,22,39.165,8,26.97936,0
