Phase, Experiment Index, Participant Index, Trial Visual Frequency, Trial Haptic Index, Trial Haptic Frequency, Percentage Perceived Smoother
3,10,12,37.625,11,34.7753,83.33334
3,10,13,37.625,11,34.7753,100
3,10,15,40.95,11,34.7753,100
3,10,16,40.95,11,34.7753,100
3,10,17,40.95,11,34.7753,100
3,10,18,40.95,11,34.7753,100
3,10,19,40.95,11,34.7753,75
3,10,20,40.95,11,34.7753,100
3,10,21,40.95,11,34.7753,100
3,10,22,40.95,11,34.7753,71.42857
3,10,22,40.95,11,34.7753,37.5
