Phase, Experiment Index, Participant Index, Trial Visual Frequency, Trial Haptic Index, Trial Haptic Frequency, Percentage Perceived Smoother
0,8,0,38.15,13,44.36035,100
0,8,1,38.15,13,44.36035,62.5
0,8,2,38.15,13,44.36035,0
0,8,3,38.15,13,44.36035,87.5
0,8,4,38.15,13,44.36035,88.88889
0,8,5,38.15,13,44.36035,100
0,8,6,38.15,13,44.36035,100
0,8,7,38.15,13,44.36035,85.71429
0,8,8,38.15,13,44.36035,100
0,8,9,38.15,13,44.36035,100
0,8,13,38.15,13,44.36035,0
