Phase, Experiment Index, Participant Index, Trial Visual Frequency, Trial Haptic Index, Trial Haptic Frequency, Percentage Perceived Smoother
1,11,0,37.3625,10,31.50702,100
1,11,1,37.3625,10,31.50702,100
1,11,2,37.3625,10,31.50702,100
1,11,3,37.3625,10,31.50702,100
1,11,4,37.3625,10,31.50702,100
1,11,5,37.3625,10,31.50702,100
1,11,6,37.3625,10,31.50702,100
1,11,7,37.3625,10,31.50702,100
1,11,8,37.3625,10,31.50702,87.5
1,11,9,37.3625,10,31.50702,100
1,11,10,37.3625,10,31.50702,100
