Phase, Experiment Index, Participant Index, Trial Visual Frequency, Trial Haptic Index, Trial Haptic Frequency, Percentage Perceived Smoother
0,16,0,36.05,5,23.29682,100
0,15,1,36.3125,6,24.23319,0
0,15,2,36.3125,6,24.23319,0
0,15,3,36.3125,6,24.23319,0
0,16,4,36.05,5,23.29682,88.88889
0,15,5,36.3125,6,24.23319,0
0,16,7,36.05,5,23.29682,50
0,16,8,36.05,5,23.29682,100
0,16,9,36.05,5,23.29682,100
