Phase, Experiment Index, Participant Index, Trial Visual Frequency, Trial Haptic Index, Trial Haptic Frequency, Percentage Perceived Smoother
4,12,12,37.1,9,28.96167,100
4,12,13,37.1,9,28.96167,100
4,12,15,39.76,9,28.96167,100
4,12,16,39.76,9,28.96167,85.71429
4,12,17,39.76,9,28.96167,100
4,12,18,39.76,9,28.96167,100
4,12,19,39.76,9,28.96167,100
4,12,19,39.76,9,28.96167,66.66666
