Phase, Experiment Index, Participant Index, Trial Visual Frequency, Trial Haptic Frequency, Trial Amplitude, Participant Class, Response Time,Class Error
1,0,0,0,-110,2,0,6.225639,0
1,0,0,0,-110,2,0,5.229431,0
1,0,0,0,-110,2,1,2.413651,1
1,0,1,0,-110,2,1,7.951332,1
1,0,1,0,-110,2,1,3.290047,1
1,0,1,0,-110,2,1,3.454369,1
1,0,2,0,-110,2,0,11.08983,0
1,0,2,0,-110,2,0,13.41386,0
1,0,2,0,-110,2,1,6.263809,1
