Phase, Experiment Index, Participant Index, Trial Visual Frequency, Trial Haptic Index, Trial Haptic Frequency, Percentage Perceived Smoother
3,17,12,35.7875,4,22.56756,0
3,17,13,35.7875,4,22.56756,100
3,17,15,36.785,4,22.56756,0
3,17,16,36.785,4,22.56756,0
3,17,17,36.785,4,22.56756,0
3,17,18,36.785,4,22.56756,0
3,17,19,36.785,4,22.56756,0
