Phase, Experiment Index, Participant Index, Trial Visual Frequency, Trial Haptic Index, Trial Haptic Frequency, Percentage Perceived Smoother
5,16,30,37.38,5,23.29682,0
5,16,31,37.38,5,23.29682,0
5,16,32,37.38,5,23.29682,88.88889
5,16,34,37.38,5,23.29682,0
5,16,35,37.38,5,23.29682,42.85714
5,16,36,37.38,5,23.29682,0
5,16,37,37.38,5,23.29682,0
5,16,38,37.38,5,23.29682,75
