Phase, Experiment Index, Participant Index, Trial Visual Frequency, Trial Haptic Index, Trial Haptic Frequency, Percentage Perceived Smoother
0,6,0,38.675,15,60.16343,100
0,6,1,38.675,15,60.16343,83.33334
0,6,2,38.675,15,60.16343,0
0,6,3,38.675,15,60.16343,100
0,6,4,38.675,15,60.16343,100
0,6,5,38.675,15,60.16343,100
0,6,6,38.675,15,60.16343,100
0,6,7,38.675,15,60.16343,100
0,6,8,38.675,15,60.16343,100
0,6,9,38.675,15,60.16343,100
