Phase, Experiment Index, Participant Index, Trial Visual Frequency, Trial Haptic Index, Trial Haptic Frequency, Percentage Perceived Rougher
0,0,2,40.25,21,200,100
0,1,2,39.9875,20,160.1841,83.33334
0,2,2,39.725,19,129.1755,100
0,3,2,39.4625,18,105.026,0
0,2,2,39.725,19,129.1755,0
0,1,2,39.9875,20,160.1841,71.42857
0,2,2,39.725,19,129.1755,100
0,3,2,39.4625,18,105.026,50
1,0,2,40.25,21,200,100
1,1,2,39.9875,20,160.1841,100
1,2,2,39.725,19,129.1755,75
1,3,2,39.4625,18,105.026,0
