Phase, Experiment Index, Participant Index, Trial Visual Frequency, Trial Haptic Frequency, Trial Amplitude, Participant Class, Response Time,Class Error
2,1,0,75,-200,2,1,6.675949,0
2,1,0,75,-200,2,1,4.451355,0
2,1,0,75,-200,2,1,3.654526,0
2,1,1,75,-200,2,1,16.42262,0
2,1,1,75,-200,2,1,4.539459,0
2,1,1,75,-200,2,0,3.771637,-1
2,1,2,75,-200,2,1,25.29572,0
2,1,2,75,-200,2,0,15.62198,-1
2,1,2,75,-200,2,1,9.989319,0
