Phase, Experiment Index, Participant Index, Trial Visual Frequency, Trial Haptic Index, Trial Haptic Frequency, Percentage Perceived Smoother
1,5,0,40.25,16,71.57086,100
1,5,1,38.9375,16,71.57086,100
1,5,2,38.9375,16,71.57086,0
1,5,3,38.9375,16,71.57086,100
1,5,4,38.9375,16,71.57086,100
1,5,5,38.9375,16,71.57086,85.71429
1,5,6,38.9375,16,71.57086,100
1,5,7,38.9375,16,71.57086,100
1,5,8,38.9375,16,71.57086,100
1,5,9,38.9375,16,71.57086,100
1,5,11,38.9375,16,71.57086,0
