Phase, Experiment Index, Participant Index, Trial Visual Frequency, Trial Haptic Index, Trial Haptic Frequency, Percentage Perceived Smoother
0,17,0,36.05,4,22.56756,71.42857
0,17,1,36.05,4,22.56756,0
0,17,2,36.05,4,22.56756,0
0,17,3,36.05,4,22.56756,0
0,17,4,35.7875,4,22.56756,70.58823
0,17,5,36.05,4,22.56756,0
0,17,6,36.05,4,22.56756,0
0,17,7,36.05,4,22.56756,0
0,17,8,35.7875,4,22.56756,83.33334
0,17,9,35.7875,4,22.56756,25
0,17,9,35.7875,4,22.56756,0
