Phase, Experiment Index, Participant Index, Trial Visual Frequency, Trial Haptic Index, Trial Haptic Frequency, Percentage Perceived Smoother
0,7,0,38.4125,14,51.27931,100
0,7,1,38.4125,14,51.27931,100
0,7,2,38.4125,14,51.27931,0
0,7,3,38.4125,14,51.27931,100
0,7,4,38.4125,14,51.27931,100
0,7,5,38.4125,14,51.27931,100
0,7,6,38.4125,14,51.27931,100
0,7,7,38.4125,14,51.27931,100
0,7,8,38.4125,14,51.27931,100
0,7,9,38.4125,14,51.27931,100
0,7,13,38.4125,14,51.27931,25
0,7,13,38.4125,14,51.27931,0
