Phase, Experiment Index, Participant Index, Trial Visual Frequency, Trial Haptic Index, Trial Haptic Frequency, Percentage Perceived Smoother
0,13,0,36.8375,8,26.97936,100
0,13,1,36.8375,8,26.97936,0
0,13,2,36.8375,8,26.97936,0
0,13,3,36.8375,8,26.97936,0
0,13,4,36.8375,8,26.97936,83.33334
0,13,6,36.8375,8,26.97936,100
0,13,7,36.8375,8,26.97936,100
0,13,8,36.8375,8,26.97936,100
0,13,9,36.8375,8,26.97936,100
