Phase, Experiment Index, Participant Index, Trial Visual Frequency, Trial Haptic Index, Trial Haptic Frequency, Percentage Perceived Smoother
5,9,30,41.545,12,38.97186,100
5,9,31,41.545,12,38.97186,100
5,9,32,41.545,12,38.97186,100
5,9,33,41.545,12,38.97186,25
5,9,34,41.545,12,38.97186,100
5,9,35,41.545,12,38.97186,0
5,9,35,41.545,12,38.97186,90
5,9,36,41.545,12,38.97186,100
5,9,37,41.545,12,38.97186,100
5,9,38,41.545,12,38.97186,100
