Phase, Experiment Index, Participant Index, Trial Visual Frequency, Trial Haptic Frequency, Trial Amplitude, Participant Class, Response Time,Class Error
2,0,0,68,-110,2,0,5.70369,0
2,0,0,68,-110,2,0,5.910652,0
2,0,0,68,-110,2,0,10.85284,0
2,0,1,70,-110,2,1,5.218857,1
2,0,1,70,-110,2,0,3.575195,0
2,0,1,70,-110,2,0,3.332047,0
2,0,2,70,-110,2,1,6.667633,1
2,0,2,70,-110,2,0,12.48676,0
2,0,2,70,-110,2,0,8.437103,0
