Phase, Experiment Index, Participant Index, Trial Visual Frequency, Trial Haptic Index, Trial Haptic Frequency, Percentage Perceived Smoother
1,12,0,37.1,9,28.96167,100
1,12,1,37.1,9,28.96167,100
1,12,1,37.1,9,28.96167,33.33333
1,12,2,37.1,9,28.96167,75
1,12,3,37.1,9,28.96167,100
1,12,4,37.1,9,28.96167,100
1,12,5,37.1,9,28.96167,100
1,12,6,37.1,9,28.96167,100
1,12,7,37.1,9,28.96167,100
1,12,8,37.1,9,28.96167,81.81818
1,12,9,37.1,9,28.96167,83.33334
1,12,10,37.1,9,28.96167,100
