Phase, Experiment Index, Participant Index, Trial Visual Frequency, Trial Haptic Index, Trial Haptic Frequency, Percentage Perceived Smoother
1,16,0,36.05,5,23.29682,0
1,16,1,36.05,5,23.29682,0
1,16,2,36.05,5,23.29682,0
1,16,3,36.05,5,23.29682,0
1,16,4,36.05,5,23.29682,0
1,16,5,36.05,5,23.29682,100
1,16,6,36.05,5,23.29682,0
1,16,7,36.05,5,23.29682,0
1,16,8,36.05,5,23.29682,0
1,16,9,36.05,5,23.29682,0
1,16,10,36.05,5,23.29682,0
