Phase, Experiment Index, Participant Index, Trial Visual Frequency, Trial Haptic Index, Trial Haptic Frequency, Percentage Perceived Smoother
6,9,30,41.545,12,38.97186,100
6,9,31,41.545,12,38.97186,100
6,9,32,41.545,12,38.97186,100
6,9,34,41.545,12,38.97186,100
6,9,34,41.545,12,38.97186,77.77778
6,9,35,41.545,12,38.97186,80
6,9,36,41.545,12,38.97186,71.42857
6,9,37,41.545,12,38.97186,100
