Phase, Experiment Index, Participant Index, Trial Visual Frequency, Trial Haptic Index, Trial Haptic Frequency, Percentage Perceived Smoother
2,11,12,37.3625,10,31.50702,90
2,11,13,37.3625,10,31.50702,0
2,11,14,37.3625,10,31.50702,57.14286
2,11,15,40.355,10,31.50702,83.33334
2,11,16,40.355,10,31.50702,80
2,11,17,40.355,10,31.50702,100
2,11,18,40.355,10,31.50702,77.77778
2,11,19,40.355,10,31.50702,100
2,11,20,40.355,10,31.50702,100
2,11,21,40.355,10,31.50702,80
2,11,22,40.355,10,31.50702,0
