Phase, Experiment Index, Participant Index, Trial Visual Frequency, Trial Haptic Frequency, Trial Amplitude, Participant Class, Response Time,Class Error
0,0,0,68,20,2,0,1.847402,0
0,0,0,68,20,2,0,2.369968,0
0,0,0,68,20,2,1,1.243912,1
0,0,1,70,20,2,1,1.163235,1
0,0,1,70,20,2,0,1.96648,0
0,0,1,70,20,2,0,1.767151,0
0,0,2,70,20,2,0,7.585342,0
0,0,2,70,20,2,0,2.409058,0
0,0,2,70,20,2,1,5.220932,1
