Phase, Experiment Index, Participant Index, Trial Visual Frequency, Trial Haptic Index, Trial Haptic Frequency, Percentage Perceived Smoother
0,14,0,36.575,7,25.43553,100
0,14,1,36.575,7,25.43553,0
0,14,2,36.575,7,25.43553,0
0,14,3,36.575,7,25.43553,0
0,14,4,36.575,7,25.43553,81.81818
0,14,6,36.575,7,25.43553,90
0,14,7,36.575,7,25.43553,100
0,14,8,36.575,7,25.43553,100
0,14,9,36.575,7,25.43553,100
0,14,13,36.575,7,25.43553,0
