Phase, Experiment Index, Participant Index, Trial Visual Frequency, Trial Haptic Index, Trial Haptic Frequency, Percentage Perceived Smoother
5,17,30,36.785,4,22.56756,0
5,17,31,36.785,4,22.56756,0
5,17,32,36.785,4,22.56756,85.71429
5,17,32,36.785,4,22.56756,58.33333
5,17,34,36.785,4,22.56756,0
5,17,35,36.785,4,22.56756,0
5,17,36,36.785,4,22.56756,0
5,17,37,36.785,4,22.56756,0
