Phase, Experiment Index, Participant Index, Trial Visual Frequency, Trial Haptic Index, Trial Haptic Frequency, Percentage Perceived Smoother
2,15,12,36.3125,6,24.23319,0
2,15,13,36.3125,6,24.23319,0
2,15,14,36.3125,6,24.23319,0
2,15,15,37.975,6,24.23319,0
2,15,16,37.975,6,24.23319,0
2,15,17,37.975,6,24.23319,50
2,15,17,37.975,6,24.23319,33.33333
2,15,17,37.975,6,24.23319,50
2,15,18,37.975,6,24.23319,43.33334
2,15,18,37.975,6,24.23319,50
2,15,19,37.975,6,24.23319,50
