Phase, Experiment Index, Participant Index, Trial Visual Frequency, Trial Haptic Index, Trial Haptic Frequency, Percentage Perceived Smoother
5,18,30,36.19,3,21.99962,0
5,18,31,36.19,3,21.99962,0
5,18,32,36.19,3,21.99962,58.33333
5,18,34,36.19,3,21.99962,0
5,18,35,36.19,3,21.99962,0
5,18,36,36.19,3,21.99962,0
5,18,37,36.19,3,21.99962,0
5,18,38,36.19,3,21.99962,25
5,18,38,36.19,3,21.99962,90
