Phase, Experiment Index, Participant Index, Trial Visual Frequency, Trial Haptic Index, Trial Haptic Frequency, Percentage Perceived Smoother
5,11,30,40.355,10,31.50702,100
5,11,31,40.355,10,31.50702,100
5,11,32,40.355,10,31.50702,100
5,11,34,40.355,10,31.50702,100
5,11,35,40.355,10,31.50702,100
