Phase, Experiment Index, Participant Index, Trial Visual Frequency, Trial Haptic Index, Trial Haptic Frequency, Percentage Perceived Smoother
3,11,12,37.3625,10,31.50702,100
3,11,13,37.3625,10,31.50702,100
3,11,15,40.355,10,31.50702,88.88889
3,11,16,40.355,10,31.50702,87.5
3,11,17,40.355,10,31.50702,100
3,11,18,40.355,10,31.50702,100
3,11,19,40.355,10,31.50702,100
3,11,20,40.355,10,31.50702,83.33334
3,11,21,40.355,10,31.50702,87.5
3,11,22,40.355,10,31.50702,37.5
