Phase, Experiment Index, Participant Index, Trial Visual Frequency, Trial Haptic Index, Trial Haptic Frequency, Percentage Perceived Smoother
1,17,0,35.7875,4,22.56756,0
1,17,1,35.7875,4,22.56756,0
1,17,2,35.7875,4,22.56756,0
1,17,3,35.7875,4,22.56756,0
1,17,4,35.7875,4,22.56756,0
1,17,5,35.7875,4,22.56756,100
1,17,6,35.7875,4,22.56756,0
1,17,7,35.7875,4,22.56756,0
1,17,8,35.7875,4,22.56756,0
1,17,9,35.7875,4,22.56756,0
1,17,10,35.7875,4,22.56756,0
