Phase, Experiment Index, Participant Index, Trial Visual Frequency, Trial Haptic Index, Trial Haptic Frequency, Percentage Perceived Smoother
0,9,0,37.8875,12,38.97186,100
0,9,1,37.8875,12,38.97186,77.77778
0,9,1,37.8875,12,38.97186,66.66666
0,9,2,37.8875,12,38.97186,0
0,9,4,37.8875,12,38.97186,100
0,9,5,37.8875,12,38.97186,100
0,9,6,37.8875,12,38.97186,100
0,9,7,37.8875,12,38.97186,71.42857
0,9,8,37.8875,12,38.97186,100
0,9,9,37.8875,12,38.97186,100
