Phase, Experiment Index, Participant Index, Trial Visual Frequency, Trial Haptic Index, Trial Haptic Frequency, Percentage Perceived Smoother
3,18,12,35.525,3,21.99962,0
3,18,13,35.525,3,21.99962,33.33333
3,18,13,35.525,3,21.99962,0
3,18,15,36.19,3,21.99962,0
3,18,16,36.19,3,21.99962,0
3,18,17,36.19,3,21.99962,0
3,18,18,36.19,3,21.99962,0
3,18,19,36.19,3,21.99962,0
3,18,20,36.19,3,21.99962,0
3,18,21,36.19,3,21.99962,0
3,18,22,36.19,3,21.99962,0
