Phase, Experiment Index, Participant Index, Trial Visual Frequency, Trial Haptic Index, Trial Haptic Frequency, Percentage Perceived Smoother
0,15,0,36.3125,6,24.23319,100
0,15,1,36.3125,6,24.23319,0
0,15,2,36.3125,6,24.23319,0
0,15,3,36.3125,6,24.23319,0
0,15,4,36.3125,6,24.23319,88.88889
0,15,5,36.3125,6,24.23319,0
0,15,6,36.3125,6,24.23319,50
0,15,7,36.3125,6,24.23319,81.81818
0,15,8,36.3125,6,24.23319,100
0,15,9,36.3125,6,24.23319,85.71429
0,15,13,36.3125,6,24.23319,0
