Phase, Experiment Index, Participant Index, Trial Visual Frequency, Trial Haptic Index, Trial Haptic Frequency, Percentage Perceived Smoother
3,16,12,36.05,5,23.29682,66.66666
3,16,13,36.05,5,23.29682,100
3,16,15,37.38,5,23.29682,66.66666
3,16,15,37.38,5,23.29682,0
3,16,16,37.38,5,23.29682,0
3,16,17,37.38,5,23.29682,57.14286
3,16,17,37.38,5,23.29682,0
3,16,18,37.38,5,23.29682,0
3,16,19,37.38,5,23.29682,42.85714
