Phase, Experiment Index, Participant Index, Trial Visual Frequency, Trial Haptic Index, Trial Haptic Frequency, Percentage Perceived Smoother
2,12,12,37.1,9,28.96167,100
2,12,12,37.1,9,28.96167,25
2,12,13,37.1,9,28.96167,0
2,12,14,37.1,9,28.96167,0
2,12,15,39.76,9,28.96167,100
2,12,16,39.76,9,28.96167,100
2,12,17,39.76,9,28.96167,100
2,12,18,39.76,9,28.96167,78.57143
2,12,19,39.76,9,28.96167,100
