Phase, Experiment Index, Participant Index, Trial Visual Frequency, Trial Haptic Index, Trial Haptic Frequency, Percentage Perceived Smoother
0,11,0,37.8,9,24.36035,100
0,11,1,37.8,9,24.36035,0
0,11,2,37.8,9,24.36035,0
0,11,3,37.8,9,24.36035,0
0,11,4,37.8,9,24.36035,88.88889
0,11,5,37.3625,10,31.50702,50
0,11,6,37.3625,10,31.50702,100
0,11,7,37.3625,10,31.50702,100
0,11,8,37.3625,10,31.50702,100
0,11,9,37.3625,10,31.50702,100
0,11,13,37.3625,10,31.50702,0
