Phase, Experiment Index, Participant Index, Trial Visual Frequency, Trial Haptic Index, Trial Haptic Frequency, Percentage Perceived Smoother
2,18,12,35.525,3,21.99962,0
2,18,13,35.525,3,21.99962,0
2,18,14,35.525,3,21.99962,0
2,18,15,36.19,3,21.99962,0
2,18,16,36.19,3,21.99962,0
2,18,17,36.19,3,21.99962,0
2,18,18,36.19,3,21.99962,0
2,18,19,36.19,3,21.99962,0
2,18,20,36.19,3,21.99962,0
2,18,21,36.19,3,21.99962,0
2,18,22,36.19,3,21.99962,0
2,18,23,36.19,3,21.99962,0
2,18,25,36.19,3,21.99962,0
