Phase, Experiment Index, Participant Index, Trial Visual Frequency, Trial Haptic Index, Trial Haptic Frequency, Percentage Perceived Smoother
4,16,12,36.05,5,23.29682,90
4,16,13,36.05,5,23.29682,64.28571
4,16,15,37.38,5,23.29682,64.28571
4,16,16,37.38,5,23.29682,0
4,16,17,37.38,5,23.29682,33.33333
4,16,17,37.38,5,23.29682,0
4,16,18,37.38,5,23.29682,0
4,16,19,37.38,5,23.29682,0
4,16,20,37.38,5,23.29682,0
4,16,21,37.38,5,23.29682,0
4,16,22,37.38,5,23.29682,0
