Phase, Experiment Index, Participant Index, Trial Visual Frequency, Trial Haptic Index, Trial Haptic Frequency, Percentage Perceived Smoother
6,11,30,40.355,10,31.50702,100
6,11,31,40.355,10,31.50702,100
6,11,32,40.355,10,31.50702,100
6,11,34,40.355,10,31.50702,100
6,11,35,40.355,10,31.50702,100
6,11,36,40.355,10,31.50702,100
6,11,37,40.355,10,31.50702,100
6,11,38,40.355,10,31.50702,100
