Phase, Experiment Index, Participant Index, Trial Visual Frequency, Trial Haptic Frequency, Trial Amplitude, Participant Class, Response Time,Class Error
3,0,0,68,-110,2,0,17.19446,0
3,0,0,68,-110,2,0,2.89241,0
3,0,0,68,-110,2,0,2.773376,0
3,0,1,70,-110,2,1,4.58493,1
3,0,1,70,-110,2,0,3.736664,0
3,0,1,70,-110,2,0,3.010727,0
3,0,2,70,-110,2,0,8.038208,0
3,0,2,70,-110,2,1,10.00171,1
3,0,2,70,-110,2,1,6.230133,1
