Phase, Experiment Index, Participant Index, Trial Visual Frequency, Trial Haptic Index, Trial Haptic Frequency, Percentage Perceived Smoother
5,15,30,37.975,6,24.23319,0
5,15,31,37.975,6,24.23319,58.33333
5,15,31,37.975,6,24.23319,33.33333
5,15,32,37.975,6,24.23319,100
5,15,34,37.975,6,24.23319,0
5,15,35,37.975,6,24.23319,100
5,15,35,37.975,6,24.23319,28.57143
5,15,36,37.975,6,24.23319,0
5,15,37,37.975,6,24.23319,0
