Phase, Experiment Index, Participant Index, Trial Visual Frequency, Trial Haptic Index, Trial Haptic Frequency, Percentage Perceived Smoother
1,8,0,39.2,13,44.36035,100
1,8,0,39.2,13,44.36035,37.5
1,8,2,39.2,13,44.36035,0
1,8,1,38.15,13,44.36035,100
1,8,3,38.15,13,44.36035,100
1,8,4,38.15,13,44.36035,100
1,8,5,38.15,13,44.36035,100
1,8,6,38.15,13,44.36035,100
1,8,7,38.15,13,44.36035,100
1,8,8,38.15,13,44.36035,87.5
1,8,9,38.15,13,44.36035,100
1,8,11,38.15,13,44.36035,0
