Phase, Experiment Index, Participant Index, Trial Visual Frequency, Trial Haptic Index, Trial Haptic Frequency, Percentage Perceived Smoother
6,18,30,36.19,3,21.99962,0
6,18,31,36.19,3,21.99962,0
6,18,32,36.19,3,21.99962,0
6,18,34,36.19,3,21.99962,0
6,18,35,36.19,3,21.99962,50
6,18,35,36.19,3,21.99962,85.71429
6,18,36,36.19,3,21.99962,0
6,18,37,36.19,3,21.99962,0
