Phase, Experiment Index, Participant Index, Trial Visual Frequency, Trial Haptic Index, Trial Haptic Frequency, Percentage Perceived Smoother
1,7,0,39.55,14,51.27931,100
1,7,1,38.4125,14,51.27931,100
1,7,2,38.4125,14,51.27931,0
1,7,3,38.4125,14,51.27931,100
1,7,4,38.4125,14,51.27931,100
1,7,5,38.4125,14,51.27931,100
1,7,6,38.4125,14,51.27931,100
1,7,7,38.4125,14,51.27931,100
1,7,8,38.4125,14,51.27931,100
1,7,9,38.4125,14,51.27931,100
1,7,11,38.4125,14,51.27931,0
